{"cameraMode":{"drawMode":0,"name":"Shaded","section":"Shading Mode"},"sceneLighting":true,"audioPlay":false,"sceneViewState":{"m_AlwaysRefresh":false,"showFog":true,"showSkybox":true,"showFlares":true,"showImageEffects":true,"showParticleSystems":true,"showVisualEffectGraphs":true,"m_FxEnabled":true},"in2DMode":false,"pivot":{"x":6.013141632080078,"y":1.8773810863494874,"z":0.3678932785987854},"rotation":{"x":-0.05982808768749237,"y":0.9376457929611206,"z":-0.2750231921672821,"w":-0.20397232472896577},"size":22.722654342651368,"orthographic":false}